{"root_group":{"id":"d41d8cd98f00b204e9800998ecf8427e","groups":[],"checks":[],"name":"","path":""},"options":{"summaryTrendStats":["avg","min","med","max","p(95)","p(99)","p(99.99)","count"],"summaryTimeUnit":"","noColor":false},"state":{"isStdOutTTY":false,"isStdErrTTY":false,"testRunDurationMs":5216.506587},"metrics":{"http_req_failed":{"values":{"rate":0,"passes":0,"fails":51211},"type":"rate","contains":"default"},"http_reqs":{"type":"counter","contains":"default","values":{"rate":9817.106361491498,"count":51211}},"http_req_waiting":{"type":"trend","contains":"time","values":{"p(99)":2.8068755000000003,"p(99.99)":570.9571909959998,"count":51211,"avg":0.8000011731268716,"min":0.079474,"med":0.552045,"max":571.15408,"p(95)":1.4034625}},"http_req_duration{expected_response:true}":{"type":"trend","contains":"time","values":{"avg":0.8788115766534493,"min":0.104601,"med":0.622779,"max":571.270167,"p(95)":1.534288,"p(99)":3.027698300000001,"p(99.99)":571.0287210939999,"count":51211}},"iterations":{"values":{"count":51211,"rate":9817.106361491498},"type":"counter","contains":"default"},"http_req_connecting":{"values":{"count":51211,"avg":0.00005250582882583819,"min":0,"med":0,"max":0.47704,"p(95)":0,"p(99)":0,"p(99.99)":0.21453398499982415},"type":"trend","contains":"time"},"http_req_receiving":{"values":{"avg":0.05628810038858807,"min":0.013084,"med":0.038341,"max":10.957963,"p(95)":0.12382499999999999,"p(99)":0.3647506000000001,"p(99.99)":4.158657059999877,"count":51211},"type":"trend","contains":"time"},"data_sent":{"contains":"data","values":{"count":8501026,"rate":1629639.6560075886},"type":"counter"},"vus":{"type":"gauge","contains":"default","values":{"value":10,"min":10,"max":10}},"http_req_blocked":{"type":"trend","contains":"time","values":{"min":0.000961,"med":0.002906,"max":4.907706,"p(95)":0.006282,"p(99)":0.014036900000000147,"p(99.99)":1.2723046159998133,"count":51211,"avg":0.00440574175470114}},"http_req_tls_handshaking":{"values":{"p(99)":0,"p(99.99)":0,"count":51211,"avg":0,"min":0,"med":0,"max":0,"p(95)":0},"type":"trend","contains":"time"},"iteration_duration":{"type":"trend","contains":"time","values":{"med":0.732708,"max":571.41741,"p(95)":1.7366825000000001,"p(99)":3.3654636000000036,"p(99.99)":571.1290212479998,"count":51211,"avg":1.0017961163031344,"min":0.157118}},"vus_max":{"type":"gauge","contains":"default","values":{"value":10,"min":10,"max":10}},"http_req_sending":{"contains":"time","values":{"count":51211,"avg":0.022522303137997465,"min":0.007003,"med":0.01613,"max":5.389772,"p(95)":0.035812,"p(99)":0.14524510000000004,"p(99.99)":2.7464635929991967},"type":"trend"},"http_req_duration":{"type":"trend","contains":"time","values":{"min":0.104601,"med":0.622779,"max":571.270167,"p(95)":1.534288,"p(99)":3.027698300000001,"p(99.99)":571.0287210939999,"count":51211,"avg":0.8788115766534493}},"data_received":{"type":"counter","contains":"data","values":{"count":8296182,"rate":1590371.2305616227}}}}